"Reference","Qty","Value","Exclude from BOM","Exclude from Board","Footprint","Datasheet"
"BT1,BT2","2","18650","","","Battery:BatteryHolder_Keystone_1042_1x18650",""
"C1","1","10uF/25V","","","Capacitor_SMD:CP_Elec_6.3x5.4",""
"C2","1","0.1uF","","","Capacitor_SMD:C_0805_2012Metric_Pad1.18x1.45mm_HandSolder",""
"C3","1","3.9nF","","","Capacitor_SMD:C_0805_2012Metric_Pad1.18x1.45mm_HandSolder",""
"C4","1","10nF","","","Capacitor_SMD:C_0805_2012Metric_Pad1.18x1.45mm_HandSolder",""
"C6,C10,C11,C16,C18,C21","6","100nF","","","Capacitor_SMD:C_0805_2012Metric_Pad1.18x1.45mm_HandSolder",""
"C7,C12,C13,C17","4","10uF","","","Capacitor_SMD:C_0805_2012Metric_Pad1.18x1.45mm_HandSolder",""
"C8,C9,C14,C15","4","22uF","","","Capacitor_SMD:C_0805_2012Metric_Pad1.18x1.45mm_HandSolder",""
"C19","1","1uF","","","Capacitor_SMD:C_0805_2012Metric_Pad1.18x1.45mm_HandSolder",""
"C20","1","100uF","","","Capacitor_Tantalum_SMD:CP_EIA-3528-21_Kemet-B_HandSolder",""
"C22","1","12 uF","","","Capacitor_SMD:CP_Elec_6.3x5.7",""
"D1,D4","2","D","","","Diode_SMD:D_SMA_Handsoldering",""
"D2","1","G","","","LED_SMD:LED_0805_2012Metric_Pad1.15x1.40mm_HandSolder",""
"D3","1","R","","","LED_SMD:LED_0805_2012Metric_Pad1.15x1.40mm_HandSolder",""
"D5,D6","2","LED","","","LED_SMD:LED_0805_2012Metric_Pad1.15x1.40mm_HandSolder",""
"J1","1","USB_C_Receptacle_USB2.0_16P","","","Connector_USB:USB_C_Receptacle_HRO_TYPE-C-31-M-12","https://www.usb.org/sites/default/files/documents/usb_type-c.zip"
"J2","1","Barrel_Jack_MountingPin","","","Connector_BarrelJack:BarrelJack_Horizontal",""
"J3","1","Micro_SD_Card","","","Connector_Card:microSD_HC_Wuerth_693072010801","https://www.we-online.com/components/products/datasheet/693072010801.pdf"
"J4","1","Screw_Terminal_01x04","","","TerminalBlock_Phoenix:TerminalBlock_Phoenix_MKDS-1,5-4-5.08_1x04_P5.08mm_Horizontal",""
"J5","1","Conn_02x20_Odd_Even","","","Connector_PinHeader_2.54mm:PinHeader_2x20_P2.54mm_Vertical",""
"J6,J8","2","Conn_Coaxial","","","Connector_Coaxial:SMA_Amphenol_132289_EdgeMount",""
"J7","1","SIM_Card","","","Connector_Card:nanoSIM_GCT_SIM8060-6-0-14-00",""
"L1","1","10uH","","","Inductor_SMD:L_10.4x10.4_H4.8",""
"L2","1","22uH","","","Inductor_SMD:L_10.4x10.4_H4.8",""
"Q1,Q2","2","NMOS","","","Package_TO_SOT_SMD:SOT-23","https://ngspice.sourceforge.io/docs/ngspice-html-manual/manual.xhtml#cha_MOSFETs"
"Q3","1","NPN","","","Package_TO_SOT_SMD:SOT-23","https://ngspice.sourceforge.io/docs/ngspice-html-manual/manual.xhtml#cha_BJTs"
"R1","1","100K","","","Resistor_SMD:R_0805_2012Metric_Pad1.20x1.40mm_HandSolder",""
"R2,R3","2","5.1K","","","Resistor_SMD:R_0805_2012Metric_Pad1.20x1.40mm_HandSolder",""
"R4","1","6.8K","","","Resistor_SMD:R_0805_2012Metric_Pad1.20x1.40mm_HandSolder",""
"R5,R12,R13,R14,R15,R18","6","10K","","","Resistor_SMD:R_0805_2012Metric_Pad1.20x1.40mm_HandSolder",""
"R6","1","30.9K","","","Resistor_SMD:R_0805_2012Metric_Pad1.20x1.40mm_HandSolder",""
"R7,R10,R11,R17","4","1K","","","Resistor_SMD:R_0805_2012Metric_Pad1.20x1.40mm_HandSolder",""
"R8","1","0.067","","","Resistor_SMD:R_0805_2012Metric_Pad1.20x1.40mm_HandSolder",""
"R9","1","100","","","Resistor_SMD:R_0805_2012Metric_Pad1.20x1.40mm_HandSolder",""
"R16","1","10","","","Resistor_SMD:R_0805_2012Metric_Pad1.20x1.40mm_HandSolder",""
"R19,R20","2","330","","","Resistor_SMD:R_0805_2012Metric_Pad1.20x1.40mm_HandSolder",""
"SW1","1","SW_SPST","","","Button_Switch_THT:SW_Slide-03_Wuerth-WS-SLTV_10x2.5x6.4_P2.54mm",""
"SW2,SW3","2","SW_Push","","","Button_Switch_SMD:SW_Push_1P1T_NO_CK_KSC6xxG",""
"U1","1","MP2307","","","Package_SO:SOIC-8-1EP_3.9x4.9mm_P1.27mm_EP2.29x3mm_ThermalVias",""
"U2","1","TP5100","","","Library:QFN65P400X400X90-17N",""
"U3","1","LD1117S50TR_SOT223","","","Package_TO_SOT_SMD:SOT-223-3_TabPin2","http://www.st.com/st-web-ui/static/active/en/resource/technical/document/datasheet/CD00000544.pdf"
"U4","1","LD1117S33TR_SOT223","","","Package_TO_SOT_SMD:SOT-223-3_TabPin2","http://www.st.com/st-web-ui/static/active/en/resource/technical/document/datasheet/CD00000544.pdf"
"U5","1","HY2120","","","Package_TO_SOT_SMD:SOT-23-6_Handsoldering",""
"U6","1","ESP32-S3-WROOM-1","","","RF_Module:ESP32-S3-WROOM-1U","https://www.espressif.com/sites/default/files/documentation/esp32-s3-wroom-1_wroom-1u_datasheet_en.pdf"
"U7","1","TXS0102DCT","","","Package_SO:SSOP-8_2.95x2.8mm_P0.65mm","http://www.ti.com/lit/gpn/txs0102"
"U8","1","MAX3485","","","Package_SO:SOIC-8_3.9x4.9mm_P1.27mm","https://datasheets.maximintegrated.com/en/ds/MAX3483-MAX3491.pdf"
"U9","1","SIM7080G","","","Library:XCVR_SIM7080G",""
